<?xml version="1.0" encoding="UTF-8"?>
<beans xmlns="http://www.springframework.org/schema/beans"
       xmlns:xsi="http://www.w3.org/2001/XMLSchema-instance"
       xsi:schemaLocation="
		http://www.springframework.org/schema/beans http://www.springframework.org/schema/beans/spring-beans.xsd">

    <bean class="org.springframework.beans.factory.config.PropertyPlaceholderConfigurer">
        <property name="ignoreUnresolvablePlaceholders">
            <value>true</value>
        </property>
        <property name="locations">
            <list>
                <value>classpath*:/laputa-config/laputa-logging-default.properties</value>
                <value>classpath:/laputa-config/sys_config.properties</value>
            </list>
        </property>
    </bean>


</beans>